"gene_id","gene_name","deseq_lfc","deseq_padj","chromosome","gene_biotype","edger_lfc","edger_fdr","edger_ql_lfc","edger_ql_fdr","limma_lfc","limma_padj","status","location","crispr_modality"
"ENSG00000162654","GBP4",7.1068198890126,0.00139800448606223,"1","protein_coding",7.91554046535172,0.647449076633518,4.04908525239657,0.642179412659957,3.72721168358544,0.813431324488946,"DESeq2 only","chr1:89181144-89198942:-","CRISPRi (Repression)"
"ENSG00000172016","REG3A",-0.861542104514781,0.020831970393951,"2","protein_coding",-1.41489002696651,0.302367673540843,-1.43771688782164,0.642179412659957,-1.47762432176688,0.779349805035616,"Not DE","chr2:79157003-79159753:-","CRISPRa (Activation)"
"ENSG00000280670","CCDC163",4.21410493723351,0.0410660475114214,"1","protein_coding",9.66668483588362,0.110089806806015,9.81507940058532,0.642179412659957,7.63193028485575,0.779349805035616,"DESeq2 only","chr1:45493866-45500079:-","CRISPRi (Repression)"
"ENSG00000155380","SLC16A1",-3.66450820534438,0.0457571675701368,"1","protein_coding",-7.35009742631443,0.773862241890476,-3.98634240225991,0.642179412659957,-3.49486226845418,0.802939861296559,"DESeq2 only","chr1:112911847-112957013:-","CRISPRa (Activation)"
"ENSG00000115687","PASK",-3.88803762582009,0.0457571675701368,"2","protein_coding",-8.24095133275756,0.860586849770009,-4.04286048262404,0.642179412659957,-4.22116991671287,0.791912977946716,"DESeq2 only","chr2:241106099-241150264:-","CRISPRa (Activation)"
"ENSG00000162493","PDPN",-3.54329549834225,0.0493610016599349,"1","protein_coding",-8.59349160553126,0.942253293095281,-2.9947699617725,0.66021432817602,-2.10562401977126,0.907108868428575,"DESeq2 only","chr1:13583465-13617957:+","CRISPRa (Activation)"
"ENSG00000137959","IFI44L",1.50254763472417,0.051705776269549,"1","protein_coding",3.29871098054838,0.54120739715692,3.85847967951909,0.642179412659957,4.04775591076919,0.779349805035616,"Not DE","chr1:78619922-78646145:+","CRISPRi (Repression)"
"ENSG00000115221","ITGB6",-0.582636106158661,0.0533745010986135,"2","protein_coding",-0.877212896847357,0.682725084659072,-0.873963667949175,0.642179412659957,-0.855892714089342,0.779349805035616,"Not DE","chr2:160099667-160200313:-","CRISPRa (Activation)"
"ENSG00000115423","DNAH6",2.91982980435997,0.0535864943822629,"2","protein_coding",7.59588758162823,0.873242279113444,5.68151102194801,0.642179412659957,4.40774118166512,0.793566350774118,"Not DE","chr2:84516455-84819589:+","CRISPRi (Repression)"
"ENSG00000281406","BLACAT1",2.63570400240248,0.0573854677987352,"1","protein_coding",6.69781599971393,0.509667405329638,5.56292795153989,0.642179412659957,5.81836320551982,0.779349805035616,"Not DE","chr1:205434885-205457091:-","CRISPRi (Repression)"
"ENSG00000187961","KLHL17",-2.49448808383849,0.0594687521411643,"1","protein_coding",-8.54859606956221,0.905711023760663,-7.18068506013705,0.642179412659957,-4.79564002692479,0.796668485748926,"Not DE","chr1:960584-965719:+","CRISPRa (Activation)"
"ENSG00000075945","KIFAP3",-0.609992992592277,0.0594687521411643,"1","protein_coding",-1.16252684878301,0.509667405329638,-1.15375704831181,0.642179412659957,-1.12382562814015,0.779349805035616,"Not DE","chr1:169921326-170085208:-","CRISPRa (Activation)"
"ENSG00000181450","ZNF678",-1.74512251819259,0.0594687521411643,"1","protein_coding",-4.33188602704893,0.630923240190363,-4.00935087467428,0.642179412659957,-4.24891538762226,0.779349805035616,"Not DE","chr1:227563543-227677443:+","CRISPRa (Activation)"
"ENSG00000142627","EPHA2",-0.586776281778183,0.0665911274076206,"1","protein_coding",-1.22863403149509,0.520538879492293,-1.22976369170011,0.642179412659957,-1.23159837472748,0.779349805035616,"Not DE","chr1:16124337-16156069:-","CRISPRa (Activation)"
"ENSG00000115524","SF3B1",-0.525502064261,0.0691275517559255,"2","protein_coding",-0.821135997063254,0.794692186252523,-0.826961480553296,0.642179412659957,-0.861236234055022,0.779349805035616,"Not DE","chr2:197388515-197435079:-","CRISPRa (Activation)"
"ENSG00000178385","PLEKHM3",-1.34848355713399,0.0768394279630153,"2","protein_coding",-4.53096232595319,0.682725084659072,-4.09459494339149,0.642179412659957,-5.41069319528264,0.779349805035616,"Not DE","chr2:207821288-208025527:-","CRISPRa (Activation)"
"ENSG00000172260","NEGR1",1.65722532581918,0.0827305542315736,"1","protein_coding",8.83190037753022,0.682725084659072,7.71196801368704,0.642179412659957,5.90895204874746,0.779349805035616,"Not DE","chr1:71395943-72282539:-","CRISPRi (Repression)"
"ENSG00000116990","MYCL",1.56404479184425,0.0837911203753505,"1","protein_coding",6.95077733772177,0.946191422427678,2.3738756782769,0.68747428952312,1.04322678734121,0.94916365712608,"Not DE","chr1:39895426-39902256:-","CRISPRi (Repression)"
"ENSG00000163497","FEV",1.30569539182327,0.0837911203753505,"2","protein_coding",5.02023340363557,0.49429731605091,5.37875422434099,0.642179412659957,5.05288716378169,0.779349805035616,"Not DE","chr2:218981087-218985184:-","CRISPRi (Repression)"
"ENSG00000160710","ADAR",0.50859683944263,0.086663287155194,"1","protein_coding",1.26883572607803,0.528582475789983,1.27183161468923,0.642179412659957,1.26085437155773,0.779349805035616,"Not DE","chr1:154582057-154628013:-","CRISPRi (Repression)"
"ENSG00000117298","ECE1",0.506292907507076,0.0878535333191943,"1","protein_coding",1.22816256293734,0.53608335963097,1.23037752259537,0.642179412659957,1.221480558838,0.779349805035616,"Not DE","chr1:21217247-21345572:-","CRISPRi (Repression)"
"ENSG00000117174","ZNHIT6",-0.7523686065054,0.0985395296510084,"1","protein_coding",-3.63125095127321,0.770233809378027,-3.21784054859469,0.642179412659957,-3.62003614162813,0.779349805035616,"Not DE","chr1:85649417-85708433:-","CRISPRa (Activation)"
