sample_id	gene	mode	guide_id	allele_1_status	allele_2_status	targetable_alleles	guide_status
HG00142	CXCL11	CRISPRi	76forw	UNCHANGED	UNCHANGED	2	PASS
HG00178	CXCL11	CRISPRi	76forw	UNCHANGED	UNCHANGED	2	PASS
HG00237	CXCL11	CRISPRi	76forw	UNCHANGED	UNCHANGED	2	PASS
HG01521	CXCL11	CRISPRi	76forw	UNCHANGED	UNCHANGED	2	PASS
HG03129	CXCL11	CRISPRi	76forw	UNCHANGED	UNCHANGED	2	PASS
NA19175	CXCL11	CRISPRi	76forw	UNCHANGED	UNCHANGED	2	PASS
NA19462	CXCL11	CRISPRi	76forw	UNCHANGED	UNCHANGED	2	PASS
HG00142	CXCL11	CRISPRi	264forw	UNCHANGED	UNCHANGED	2	PASS
HG00178	CXCL11	CRISPRi	264forw	UNCHANGED	UNCHANGED	2	PASS
HG00237	CXCL11	CRISPRi	264forw	UNCHANGED	UNCHANGED	2	PASS
HG01521	CXCL11	CRISPRi	264forw	UNCHANGED	UNCHANGED	2	PASS
HG03129	CXCL11	CRISPRi	264forw	UNCHANGED	UNCHANGED	2	PASS
NA19175	CXCL11	CRISPRi	264forw	UNCHANGED	UNCHANGED	2	PASS
NA19462	CXCL11	CRISPRi	264forw	UNCHANGED	UNCHANGED	2	PASS
HG00142	CXCL11	CRISPRi	261rev	UNCHANGED	UNCHANGED	2	PASS
HG00178	CXCL11	CRISPRi	261rev	UNCHANGED	UNCHANGED	2	PASS
HG00237	CXCL11	CRISPRi	261rev	UNCHANGED	UNCHANGED	2	PASS
HG01521	CXCL11	CRISPRi	261rev	UNCHANGED	UNCHANGED	2	PASS
HG03129	CXCL11	CRISPRi	261rev	UNCHANGED	UNCHANGED	2	PASS
NA19175	CXCL11	CRISPRi	261rev	UNCHANGED	UNCHANGED	2	PASS
NA19462	CXCL11	CRISPRi	261rev	UNCHANGED	UNCHANGED	2	PASS
HG00142	CXCL11	CRISPRi	295forw	UNCHANGED	UNCHANGED	2	PASS
HG00178	CXCL11	CRISPRi	295forw	UNCHANGED	UNCHANGED	2	PASS
HG00237	CXCL11	CRISPRi	295forw	UNCHANGED	UNCHANGED	2	PASS
HG01521	CXCL11	CRISPRi	295forw	UNCHANGED	UNCHANGED	2	PASS
HG03129	CXCL11	CRISPRi	295forw	UNCHANGED	UNCHANGED	2	PASS
NA19175	CXCL11	CRISPRi	295forw	UNCHANGED	UNCHANGED	2	PASS
NA19462	CXCL11	CRISPRi	295forw	UNCHANGED	UNCHANGED	2	PASS
HG00142	CXCL11	CRISPRi	77forw	UNCHANGED	UNCHANGED	2	PASS
HG00178	CXCL11	CRISPRi	77forw	UNCHANGED	UNCHANGED	2	PASS
HG00237	CXCL11	CRISPRi	77forw	UNCHANGED	UNCHANGED	2	PASS
HG01521	CXCL11	CRISPRi	77forw	UNCHANGED	UNCHANGED	2	PASS
HG03129	CXCL11	CRISPRi	77forw	UNCHANGED	UNCHANGED	2	PASS
NA19175	CXCL11	CRISPRi	77forw	UNCHANGED	UNCHANGED	2	PASS
NA19462	CXCL11	CRISPRi	77forw	UNCHANGED	UNCHANGED	2	PASS
HG00142	CXCL11	CRISPRi	106forw	UNCHANGED	UNCHANGED	2	PASS
HG00178	CXCL11	CRISPRi	106forw	UNCHANGED	UNCHANGED	2	PASS
HG00237	CXCL11	CRISPRi	106forw	UNCHANGED	UNCHANGED	2	PASS
HG01521	CXCL11	CRISPRi	106forw	UNCHANGED	UNCHANGED	2	PASS
HG03129	CXCL11	CRISPRi	106forw	UNCHANGED	UNCHANGED	2	PASS
NA19175	CXCL11	CRISPRi	106forw	UNCHANGED	UNCHANGED	2	PASS
NA19462	CXCL11	CRISPRi	106forw	UNCHANGED	UNCHANGED	2	PASS
HG00142	CXCL11	CRISPRi	145rev	UNCHANGED	UNCHANGED	2	PASS
HG00178	CXCL11	CRISPRi	145rev	UNCHANGED	UNCHANGED	2	PASS
HG00237	CXCL11	CRISPRi	145rev	UNCHANGED	UNCHANGED	2	PASS
HG01521	CXCL11	CRISPRi	145rev	UNCHANGED	UNCHANGED	2	PASS
HG03129	CXCL11	CRISPRi	145rev	UNCHANGED	UNCHANGED	2	PASS
NA19175	CXCL11	CRISPRi	145rev	UNCHANGED	UNCHANGED	2	PASS
NA19462	CXCL11	CRISPRi	145rev	UNCHANGED	UNCHANGED	2	PASS
HG00142	CXCL11	CRISPRi	169rev	UNCHANGED	UNCHANGED	2	PASS
HG00178	CXCL11	CRISPRi	169rev	UNCHANGED	UNCHANGED	2	PASS
HG00237	CXCL11	CRISPRi	169rev	UNCHANGED	UNCHANGED	2	PASS
HG01521	CXCL11	CRISPRi	169rev	UNCHANGED	UNCHANGED	2	PASS
HG03129	CXCL11	CRISPRi	169rev	UNCHANGED	UNCHANGED	2	PASS
NA19175	CXCL11	CRISPRi	169rev	UNCHANGED	UNCHANGED	2	PASS
NA19462	CXCL11	CRISPRi	169rev	UNCHANGED	UNCHANGED	2	PASS
HG00142	CXCL11	CRISPRi	98forw	UNCHANGED	UNCHANGED	2	PASS
HG00178	CXCL11	CRISPRi	98forw	UNCHANGED	UNCHANGED	2	PASS
HG00237	CXCL11	CRISPRi	98forw	UNCHANGED	UNCHANGED	2	PASS
HG01521	CXCL11	CRISPRi	98forw	UNCHANGED	UNCHANGED	2	PASS
HG03129	CXCL11	CRISPRi	98forw	UNCHANGED	UNCHANGED	2	PASS
NA19175	CXCL11	CRISPRi	98forw	UNCHANGED	UNCHANGED	2	PASS
NA19462	CXCL11	CRISPRi	98forw	UNCHANGED	UNCHANGED	2	PASS
HG00142	SERPINB2	CRISPRa	40forw	UNCHANGED	UNCHANGED	2	PASS
HG00178	SERPINB2	CRISPRa	40forw	UNCHANGED	UNCHANGED	2	PASS
HG00237	SERPINB2	CRISPRa	40forw	UNCHANGED	UNCHANGED	2	PASS
HG01521	SERPINB2	CRISPRa	40forw	UNCHANGED	UNCHANGED	2	PASS
HG03129	SERPINB2	CRISPRa	40forw	UNCHANGED	UNCHANGED	2	PASS
NA19175	SERPINB2	CRISPRa	40forw	UNCHANGED	UNCHANGED	2	PASS
NA19462	SERPINB2	CRISPRa	40forw	UNCHANGED	UNCHANGED	2	PASS
HG00142	SERPINB2	CRISPRa	90forw	UNCHANGED	UNCHANGED	2	PASS
HG00178	SERPINB2	CRISPRa	90forw	UNCHANGED	UNCHANGED	2	PASS
HG00237	SERPINB2	CRISPRa	90forw	UNCHANGED	UNCHANGED	2	PASS
HG01521	SERPINB2	CRISPRa	90forw	UNCHANGED	UNCHANGED	2	PASS
HG03129	SERPINB2	CRISPRa	90forw	UNCHANGED	UNCHANGED	2	PASS
NA19175	SERPINB2	CRISPRa	90forw	UNCHANGED	UNCHANGED	2	PASS
NA19462	SERPINB2	CRISPRa	90forw	UNCHANGED	UNCHANGED	2	PASS
HG00142	SERPINB2	CRISPRa	50rev	UNCHANGED	UNCHANGED	2	PASS
HG00178	SERPINB2	CRISPRa	50rev	UNCHANGED	UNCHANGED	2	PASS
HG00237	SERPINB2	CRISPRa	50rev	UNCHANGED	UNCHANGED	2	PASS
HG01521	SERPINB2	CRISPRa	50rev	UNCHANGED	UNCHANGED	2	PASS
HG03129	SERPINB2	CRISPRa	50rev	UNCHANGED	UNCHANGED	2	PASS
NA19175	SERPINB2	CRISPRa	50rev	UNCHANGED	UNCHANGED	2	PASS
NA19462	SERPINB2	CRISPRa	50rev	UNCHANGED	UNCHANGED	2	PASS
HG00142	SERPINB2	CRISPRa	77rev	UNCHANGED	UNCHANGED	2	PASS
HG00178	SERPINB2	CRISPRa	77rev	UNCHANGED	UNCHANGED	2	PASS
HG00237	SERPINB2	CRISPRa	77rev	UNCHANGED	UNCHANGED	2	PASS
HG01521	SERPINB2	CRISPRa	77rev	UNCHANGED	UNCHANGED	2	PASS
HG03129	SERPINB2	CRISPRa	77rev	UNCHANGED	UNCHANGED	2	PASS
NA19175	SERPINB2	CRISPRa	77rev	UNCHANGED	UNCHANGED	2	PASS
NA19462	SERPINB2	CRISPRa	77rev	UNCHANGED	UNCHANGED	2	PASS
HG00142	SERPINB2	CRISPRa	51rev	UNCHANGED	UNCHANGED	2	PASS
HG00178	SERPINB2	CRISPRa	51rev	UNCHANGED	UNCHANGED	2	PASS
HG00237	SERPINB2	CRISPRa	51rev	UNCHANGED	UNCHANGED	2	PASS
HG01521	SERPINB2	CRISPRa	51rev	UNCHANGED	UNCHANGED	2	PASS
HG03129	SERPINB2	CRISPRa	51rev	UNCHANGED	UNCHANGED	2	PASS
NA19175	SERPINB2	CRISPRa	51rev	UNCHANGED	UNCHANGED	2	PASS
NA19462	SERPINB2	CRISPRa	51rev	UNCHANGED	UNCHANGED	2	PASS
