sample_id	gene	mode	guide_id	evaluated_haplotypes	created_sites	increased_sites	removed_sites	decreased_sites	unchanged_sites	unresolved_sites	answer
HG00142	CXCL11	CRISPRi	106forw	18	0	0	0	0	18	0	NO_SEQUENCE_LEVEL_CHANGE_DETECTED
HG00142	CXCL11	CRISPRi	145rev	50	0	1	0	2	47	0	MIXED_CHANGE
HG00142	CXCL11	CRISPRi	169rev	62	0	0	0	0	62	0	NO_SEQUENCE_LEVEL_CHANGE_DETECTED
HG00142	CXCL11	CRISPRi	261rev	50	0	0	0	0	50	0	NO_SEQUENCE_LEVEL_CHANGE_DETECTED
HG00142	CXCL11	CRISPRi	264forw	22	0	0	0	0	22	0	NO_SEQUENCE_LEVEL_CHANGE_DETECTED
HG00142	CXCL11	CRISPRi	295forw	38	0	0	0	0	38	0	NO_SEQUENCE_LEVEL_CHANGE_DETECTED
HG00142	CXCL11	CRISPRi	76forw	18	0	0	0	0	18	0	NO_SEQUENCE_LEVEL_CHANGE_DETECTED
HG00142	CXCL11	CRISPRi	77forw	36	0	0	0	0	36	0	NO_SEQUENCE_LEVEL_CHANGE_DETECTED
HG00142	CXCL11	CRISPRi	98forw	40	0	0	0	0	40	0	NO_SEQUENCE_LEVEL_CHANGE_DETECTED
HG00142	SERPINB2	CRISPRa	40forw	26	0	1	0	1	24	0	MIXED_CHANGE
HG00142	SERPINB2	CRISPRa	50rev	30	0	0	0	0	30	0	NO_SEQUENCE_LEVEL_CHANGE_DETECTED
HG00142	SERPINB2	CRISPRa	51rev	46	0	0	0	0	46	0	NO_SEQUENCE_LEVEL_CHANGE_DETECTED
HG00142	SERPINB2	CRISPRa	77rev	32	0	0	0	0	32	0	NO_SEQUENCE_LEVEL_CHANGE_DETECTED
HG00142	SERPINB2	CRISPRa	90forw	34	0	1	0	1	32	0	MIXED_CHANGE
HG00178	CXCL11	CRISPRi	106forw	18	0	0	0	0	18	0	NO_SEQUENCE_LEVEL_CHANGE_DETECTED
HG00178	CXCL11	CRISPRi	145rev	50	0	0	0	1	49	0	RISK_DECREASE_DETECTED
HG00178	CXCL11	CRISPRi	169rev	62	0	0	0	0	62	0	NO_SEQUENCE_LEVEL_CHANGE_DETECTED
HG00178	CXCL11	CRISPRi	261rev	50	0	0	0	0	50	0	NO_SEQUENCE_LEVEL_CHANGE_DETECTED
HG00178	CXCL11	CRISPRi	264forw	22	0	0	0	0	22	0	NO_SEQUENCE_LEVEL_CHANGE_DETECTED
HG00178	CXCL11	CRISPRi	295forw	38	0	0	0	0	38	0	NO_SEQUENCE_LEVEL_CHANGE_DETECTED
HG00178	CXCL11	CRISPRi	76forw	18	0	0	0	0	18	0	NO_SEQUENCE_LEVEL_CHANGE_DETECTED
HG00178	CXCL11	CRISPRi	77forw	36	0	0	0	1	35	0	RISK_DECREASE_DETECTED
HG00178	CXCL11	CRISPRi	98forw	40	0	0	0	0	40	0	NO_SEQUENCE_LEVEL_CHANGE_DETECTED
HG00178	SERPINB2	CRISPRa	40forw	26	0	1	0	1	24	0	MIXED_CHANGE
HG00178	SERPINB2	CRISPRa	50rev	30	0	0	0	0	30	0	NO_SEQUENCE_LEVEL_CHANGE_DETECTED
HG00178	SERPINB2	CRISPRa	51rev	46	0	0	0	0	46	0	NO_SEQUENCE_LEVEL_CHANGE_DETECTED
HG00178	SERPINB2	CRISPRa	77rev	32	0	0	0	0	32	0	NO_SEQUENCE_LEVEL_CHANGE_DETECTED
HG00178	SERPINB2	CRISPRa	90forw	34	0	2	0	0	32	0	RISK_INCREASE_DETECTED
HG00237	CXCL11	CRISPRi	106forw	18	0	0	0	0	18	0	NO_SEQUENCE_LEVEL_CHANGE_DETECTED
HG00237	CXCL11	CRISPRi	145rev	50	0	0	0	2	48	0	RISK_DECREASE_DETECTED
HG00237	CXCL11	CRISPRi	169rev	62	0	0	0	0	62	0	NO_SEQUENCE_LEVEL_CHANGE_DETECTED
HG00237	CXCL11	CRISPRi	261rev	50	0	0	0	0	50	0	NO_SEQUENCE_LEVEL_CHANGE_DETECTED
HG00237	CXCL11	CRISPRi	264forw	22	0	0	0	0	22	0	NO_SEQUENCE_LEVEL_CHANGE_DETECTED
HG00237	CXCL11	CRISPRi	295forw	38	0	0	0	0	38	0	NO_SEQUENCE_LEVEL_CHANGE_DETECTED
HG00237	CXCL11	CRISPRi	76forw	18	0	0	0	0	18	0	NO_SEQUENCE_LEVEL_CHANGE_DETECTED
HG00237	CXCL11	CRISPRi	77forw	36	0	0	0	0	36	0	NO_SEQUENCE_LEVEL_CHANGE_DETECTED
HG00237	CXCL11	CRISPRi	98forw	40	0	0	0	0	40	0	NO_SEQUENCE_LEVEL_CHANGE_DETECTED
HG00237	SERPINB2	CRISPRa	40forw	26	0	2	0	1	23	0	MIXED_CHANGE
HG00237	SERPINB2	CRISPRa	50rev	30	0	0	0	0	30	0	NO_SEQUENCE_LEVEL_CHANGE_DETECTED
HG00237	SERPINB2	CRISPRa	51rev	46	0	0	0	0	46	0	NO_SEQUENCE_LEVEL_CHANGE_DETECTED
HG00237	SERPINB2	CRISPRa	77rev	32	0	0	0	0	32	0	NO_SEQUENCE_LEVEL_CHANGE_DETECTED
HG00237	SERPINB2	CRISPRa	90forw	34	0	1	0	2	31	0	MIXED_CHANGE
HG01521	CXCL11	CRISPRi	106forw	18	0	0	0	0	18	0	NO_SEQUENCE_LEVEL_CHANGE_DETECTED
HG01521	CXCL11	CRISPRi	145rev	50	0	0	0	0	50	0	NO_SEQUENCE_LEVEL_CHANGE_DETECTED
HG01521	CXCL11	CRISPRi	169rev	62	0	0	0	0	62	0	NO_SEQUENCE_LEVEL_CHANGE_DETECTED
HG01521	CXCL11	CRISPRi	261rev	50	0	0	0	0	50	0	NO_SEQUENCE_LEVEL_CHANGE_DETECTED
HG01521	CXCL11	CRISPRi	264forw	22	0	0	0	0	22	0	NO_SEQUENCE_LEVEL_CHANGE_DETECTED
HG01521	CXCL11	CRISPRi	295forw	38	0	0	0	0	38	0	NO_SEQUENCE_LEVEL_CHANGE_DETECTED
HG01521	CXCL11	CRISPRi	76forw	18	0	0	0	0	18	0	NO_SEQUENCE_LEVEL_CHANGE_DETECTED
HG01521	CXCL11	CRISPRi	77forw	36	0	0	0	0	35	1	UNRESOLVED_OBSERVATIONS_PRESENT
HG01521	CXCL11	CRISPRi	98forw	40	0	0	0	0	40	0	NO_SEQUENCE_LEVEL_CHANGE_DETECTED
HG01521	SERPINB2	CRISPRa	40forw	26	0	2	0	2	22	0	MIXED_CHANGE
HG01521	SERPINB2	CRISPRa	50rev	30	0	0	0	0	30	0	NO_SEQUENCE_LEVEL_CHANGE_DETECTED
HG01521	SERPINB2	CRISPRa	51rev	46	0	0	0	0	46	0	NO_SEQUENCE_LEVEL_CHANGE_DETECTED
HG01521	SERPINB2	CRISPRa	77rev	32	0	0	0	0	32	0	NO_SEQUENCE_LEVEL_CHANGE_DETECTED
HG01521	SERPINB2	CRISPRa	90forw	34	0	2	0	1	31	0	MIXED_CHANGE
HG03129	CXCL11	CRISPRi	106forw	18	0	0	0	0	18	0	NO_SEQUENCE_LEVEL_CHANGE_DETECTED
HG03129	CXCL11	CRISPRi	145rev	50	0	0	0	0	50	0	NO_SEQUENCE_LEVEL_CHANGE_DETECTED
HG03129	CXCL11	CRISPRi	169rev	62	0	0	0	0	62	0	NO_SEQUENCE_LEVEL_CHANGE_DETECTED
HG03129	CXCL11	CRISPRi	261rev	50	0	0	0	0	50	0	NO_SEQUENCE_LEVEL_CHANGE_DETECTED
HG03129	CXCL11	CRISPRi	264forw	22	0	0	0	0	22	0	NO_SEQUENCE_LEVEL_CHANGE_DETECTED
HG03129	CXCL11	CRISPRi	295forw	38	0	0	0	0	38	0	NO_SEQUENCE_LEVEL_CHANGE_DETECTED
HG03129	CXCL11	CRISPRi	76forw	18	0	0	0	0	18	0	NO_SEQUENCE_LEVEL_CHANGE_DETECTED
HG03129	CXCL11	CRISPRi	77forw	36	0	0	0	0	36	0	NO_SEQUENCE_LEVEL_CHANGE_DETECTED
HG03129	CXCL11	CRISPRi	98forw	40	0	0	0	0	40	0	NO_SEQUENCE_LEVEL_CHANGE_DETECTED
HG03129	SERPINB2	CRISPRa	40forw	26	0	2	0	2	22	0	MIXED_CHANGE
HG03129	SERPINB2	CRISPRa	50rev	30	0	0	0	0	30	0	NO_SEQUENCE_LEVEL_CHANGE_DETECTED
HG03129	SERPINB2	CRISPRa	51rev	46	0	0	0	0	46	0	NO_SEQUENCE_LEVEL_CHANGE_DETECTED
HG03129	SERPINB2	CRISPRa	77rev	32	0	0	0	0	32	0	NO_SEQUENCE_LEVEL_CHANGE_DETECTED
HG03129	SERPINB2	CRISPRa	90forw	34	0	1	0	3	30	0	MIXED_CHANGE
NA19175	CXCL11	CRISPRi	106forw	18	0	0	0	0	18	0	NO_SEQUENCE_LEVEL_CHANGE_DETECTED
NA19175	CXCL11	CRISPRi	145rev	50	0	0	0	1	49	0	RISK_DECREASE_DETECTED
NA19175	CXCL11	CRISPRi	169rev	62	0	0	0	0	62	0	NO_SEQUENCE_LEVEL_CHANGE_DETECTED
NA19175	CXCL11	CRISPRi	261rev	50	0	0	0	0	50	0	NO_SEQUENCE_LEVEL_CHANGE_DETECTED
NA19175	CXCL11	CRISPRi	264forw	22	0	0	0	0	22	0	NO_SEQUENCE_LEVEL_CHANGE_DETECTED
NA19175	CXCL11	CRISPRi	295forw	38	0	0	0	0	38	0	NO_SEQUENCE_LEVEL_CHANGE_DETECTED
NA19175	CXCL11	CRISPRi	76forw	18	0	0	0	0	18	0	NO_SEQUENCE_LEVEL_CHANGE_DETECTED
NA19175	CXCL11	CRISPRi	77forw	36	0	0	0	0	36	0	NO_SEQUENCE_LEVEL_CHANGE_DETECTED
NA19175	CXCL11	CRISPRi	98forw	40	0	0	0	0	40	0	NO_SEQUENCE_LEVEL_CHANGE_DETECTED
NA19175	SERPINB2	CRISPRa	40forw	26	0	2	0	0	24	0	RISK_INCREASE_DETECTED
NA19175	SERPINB2	CRISPRa	50rev	30	0	0	0	0	30	0	NO_SEQUENCE_LEVEL_CHANGE_DETECTED
NA19175	SERPINB2	CRISPRa	51rev	46	0	0	0	0	46	0	NO_SEQUENCE_LEVEL_CHANGE_DETECTED
NA19175	SERPINB2	CRISPRa	77rev	32	0	0	0	0	32	0	NO_SEQUENCE_LEVEL_CHANGE_DETECTED
NA19175	SERPINB2	CRISPRa	90forw	34	0	1	0	1	32	0	MIXED_CHANGE
NA19462	CXCL11	CRISPRi	106forw	18	0	0	0	0	18	0	NO_SEQUENCE_LEVEL_CHANGE_DETECTED
NA19462	CXCL11	CRISPRi	145rev	50	0	0	1	1	48	0	RISK_DECREASE_DETECTED
NA19462	CXCL11	CRISPRi	169rev	62	0	0	0	0	62	0	NO_SEQUENCE_LEVEL_CHANGE_DETECTED
NA19462	CXCL11	CRISPRi	261rev	50	0	0	0	0	50	0	NO_SEQUENCE_LEVEL_CHANGE_DETECTED
NA19462	CXCL11	CRISPRi	264forw	22	0	0	0	0	22	0	NO_SEQUENCE_LEVEL_CHANGE_DETECTED
NA19462	CXCL11	CRISPRi	295forw	38	0	0	0	0	38	0	NO_SEQUENCE_LEVEL_CHANGE_DETECTED
NA19462	CXCL11	CRISPRi	76forw	18	0	0	0	0	18	0	NO_SEQUENCE_LEVEL_CHANGE_DETECTED
NA19462	CXCL11	CRISPRi	77forw	36	0	0	0	1	34	1	UNRESOLVED_OBSERVATIONS_PRESENT
NA19462	CXCL11	CRISPRi	98forw	40	0	0	0	0	40	0	NO_SEQUENCE_LEVEL_CHANGE_DETECTED
NA19462	SERPINB2	CRISPRa	40forw	26	0	2	0	1	23	0	MIXED_CHANGE
NA19462	SERPINB2	CRISPRa	50rev	30	0	0	0	0	30	0	NO_SEQUENCE_LEVEL_CHANGE_DETECTED
NA19462	SERPINB2	CRISPRa	51rev	46	0	0	0	0	46	0	NO_SEQUENCE_LEVEL_CHANGE_DETECTED
NA19462	SERPINB2	CRISPRa	77rev	32	0	0	0	0	32	0	NO_SEQUENCE_LEVEL_CHANGE_DETECTED
NA19462	SERPINB2	CRISPRa	90forw	34	0	1	0	0	33	0	RISK_INCREASE_DETECTED
