gene	guide_id	individuals_pass	individuals_caution	individuals_fail	minimum_targetable_alleles	answer
CXCL11	106forw	7	0	0	2	RETAINED_IN_ALL_SEVEN
CXCL11	145rev	7	0	0	2	RETAINED_IN_ALL_SEVEN
CXCL11	169rev	7	0	0	2	RETAINED_IN_ALL_SEVEN
CXCL11	261rev	7	0	0	2	RETAINED_IN_ALL_SEVEN
CXCL11	264forw	7	0	0	2	RETAINED_IN_ALL_SEVEN
CXCL11	295forw	7	0	0	2	RETAINED_IN_ALL_SEVEN
CXCL11	76forw	7	0	0	2	RETAINED_IN_ALL_SEVEN
CXCL11	77forw	7	0	0	2	RETAINED_IN_ALL_SEVEN
CXCL11	98forw	7	0	0	2	RETAINED_IN_ALL_SEVEN
SERPINB2	40forw	7	0	0	2	RETAINED_IN_ALL_SEVEN
SERPINB2	50rev	7	0	0	2	RETAINED_IN_ALL_SEVEN
SERPINB2	51rev	7	0	0	2	RETAINED_IN_ALL_SEVEN
SERPINB2	77rev	7	0	0	2	RETAINED_IN_ALL_SEVEN
SERPINB2	90forw	7	0	0	2	RETAINED_IN_ALL_SEVEN
