sample_id	gene	mode	guide_id	haplotype	reconstruction_status	personalised_23mer	target_status
HG00142	CXCL11	CRISPRi	76forw	1	RECONSTRUCTED	GAAAGGTGCATGACTCAAAGAGG	UNCHANGED
HG00142	CXCL11	CRISPRi	76forw	2	RECONSTRUCTED	GAAAGGTGCATGACTCAAAGAGG	UNCHANGED
HG00178	CXCL11	CRISPRi	76forw	1	RECONSTRUCTED	GAAAGGTGCATGACTCAAAGAGG	UNCHANGED
HG00178	CXCL11	CRISPRi	76forw	2	RECONSTRUCTED	GAAAGGTGCATGACTCAAAGAGG	UNCHANGED
HG00237	CXCL11	CRISPRi	76forw	1	RECONSTRUCTED	GAAAGGTGCATGACTCAAAGAGG	UNCHANGED
HG00237	CXCL11	CRISPRi	76forw	2	RECONSTRUCTED	GAAAGGTGCATGACTCAAAGAGG	UNCHANGED
HG01521	CXCL11	CRISPRi	76forw	1	RECONSTRUCTED	GAAAGGTGCATGACTCAAAGAGG	UNCHANGED
HG01521	CXCL11	CRISPRi	76forw	2	RECONSTRUCTED	GAAAGGTGCATGACTCAAAGAGG	UNCHANGED
HG03129	CXCL11	CRISPRi	76forw	1	RECONSTRUCTED	GAAAGGTGCATGACTCAAAGAGG	UNCHANGED
HG03129	CXCL11	CRISPRi	76forw	2	RECONSTRUCTED	GAAAGGTGCATGACTCAAAGAGG	UNCHANGED
NA19175	CXCL11	CRISPRi	76forw	1	RECONSTRUCTED	GAAAGGTGCATGACTCAAAGAGG	UNCHANGED
NA19175	CXCL11	CRISPRi	76forw	2	RECONSTRUCTED	GAAAGGTGCATGACTCAAAGAGG	UNCHANGED
NA19462	CXCL11	CRISPRi	76forw	1	RECONSTRUCTED	GAAAGGTGCATGACTCAAAGAGG	UNCHANGED
NA19462	CXCL11	CRISPRi	76forw	2	RECONSTRUCTED	GAAAGGTGCATGACTCAAAGAGG	UNCHANGED
HG00142	CXCL11	CRISPRi	264forw	1	RECONSTRUCTED	GAAGGGCATGGCTATAGCCTTGG	UNCHANGED
HG00142	CXCL11	CRISPRi	264forw	2	RECONSTRUCTED	GAAGGGCATGGCTATAGCCTTGG	UNCHANGED
HG00178	CXCL11	CRISPRi	264forw	1	RECONSTRUCTED	GAAGGGCATGGCTATAGCCTTGG	UNCHANGED
HG00178	CXCL11	CRISPRi	264forw	2	RECONSTRUCTED	GAAGGGCATGGCTATAGCCTTGG	UNCHANGED
HG00237	CXCL11	CRISPRi	264forw	1	RECONSTRUCTED	GAAGGGCATGGCTATAGCCTTGG	UNCHANGED
HG00237	CXCL11	CRISPRi	264forw	2	RECONSTRUCTED	GAAGGGCATGGCTATAGCCTTGG	UNCHANGED
HG01521	CXCL11	CRISPRi	264forw	1	RECONSTRUCTED	GAAGGGCATGGCTATAGCCTTGG	UNCHANGED
HG01521	CXCL11	CRISPRi	264forw	2	RECONSTRUCTED	GAAGGGCATGGCTATAGCCTTGG	UNCHANGED
HG03129	CXCL11	CRISPRi	264forw	1	RECONSTRUCTED	GAAGGGCATGGCTATAGCCTTGG	UNCHANGED
HG03129	CXCL11	CRISPRi	264forw	2	RECONSTRUCTED	GAAGGGCATGGCTATAGCCTTGG	UNCHANGED
NA19175	CXCL11	CRISPRi	264forw	1	RECONSTRUCTED	GAAGGGCATGGCTATAGCCTTGG	UNCHANGED
NA19175	CXCL11	CRISPRi	264forw	2	RECONSTRUCTED	GAAGGGCATGGCTATAGCCTTGG	UNCHANGED
NA19462	CXCL11	CRISPRi	264forw	1	RECONSTRUCTED	GAAGGGCATGGCTATAGCCTTGG	UNCHANGED
NA19462	CXCL11	CRISPRi	264forw	2	RECONSTRUCTED	GAAGGGCATGGCTATAGCCTTGG	UNCHANGED
HG00142	CXCL11	CRISPRi	261rev	1	RECONSTRUCTED	AGCACACAATATCACAGCCAAGG	UNCHANGED
HG00142	CXCL11	CRISPRi	261rev	2	RECONSTRUCTED	AGCACACAATATCACAGCCAAGG	UNCHANGED
HG00178	CXCL11	CRISPRi	261rev	1	RECONSTRUCTED	AGCACACAATATCACAGCCAAGG	UNCHANGED
HG00178	CXCL11	CRISPRi	261rev	2	RECONSTRUCTED	AGCACACAATATCACAGCCAAGG	UNCHANGED
HG00237	CXCL11	CRISPRi	261rev	1	RECONSTRUCTED	AGCACACAATATCACAGCCAAGG	UNCHANGED
HG00237	CXCL11	CRISPRi	261rev	2	RECONSTRUCTED	AGCACACAATATCACAGCCAAGG	UNCHANGED
HG01521	CXCL11	CRISPRi	261rev	1	RECONSTRUCTED	AGCACACAATATCACAGCCAAGG	UNCHANGED
HG01521	CXCL11	CRISPRi	261rev	2	RECONSTRUCTED	AGCACACAATATCACAGCCAAGG	UNCHANGED
HG03129	CXCL11	CRISPRi	261rev	1	RECONSTRUCTED	AGCACACAATATCACAGCCAAGG	UNCHANGED
HG03129	CXCL11	CRISPRi	261rev	2	RECONSTRUCTED	AGCACACAATATCACAGCCAAGG	UNCHANGED
NA19175	CXCL11	CRISPRi	261rev	1	RECONSTRUCTED	AGCACACAATATCACAGCCAAGG	UNCHANGED
NA19175	CXCL11	CRISPRi	261rev	2	RECONSTRUCTED	AGCACACAATATCACAGCCAAGG	UNCHANGED
NA19462	CXCL11	CRISPRi	261rev	1	RECONSTRUCTED	AGCACACAATATCACAGCCAAGG	UNCHANGED
NA19462	CXCL11	CRISPRi	261rev	2	RECONSTRUCTED	AGCACACAATATCACAGCCAAGG	UNCHANGED
HG00142	CXCL11	CRISPRi	295forw	1	REFERENCE_HOMOZYGOUS	TTGTGTGCTACAGTTGTTCAAGG	UNCHANGED
HG00142	CXCL11	CRISPRi	295forw	2	REFERENCE_HOMOZYGOUS	TTGTGTGCTACAGTTGTTCAAGG	UNCHANGED
HG00178	CXCL11	CRISPRi	295forw	1	REFERENCE_HOMOZYGOUS	TTGTGTGCTACAGTTGTTCAAGG	UNCHANGED
HG00178	CXCL11	CRISPRi	295forw	2	REFERENCE_HOMOZYGOUS	TTGTGTGCTACAGTTGTTCAAGG	UNCHANGED
HG00237	CXCL11	CRISPRi	295forw	1	REFERENCE_HOMOZYGOUS	TTGTGTGCTACAGTTGTTCAAGG	UNCHANGED
HG00237	CXCL11	CRISPRi	295forw	2	REFERENCE_HOMOZYGOUS	TTGTGTGCTACAGTTGTTCAAGG	UNCHANGED
HG01521	CXCL11	CRISPRi	295forw	1	REFERENCE_HOMOZYGOUS	TTGTGTGCTACAGTTGTTCAAGG	UNCHANGED
HG01521	CXCL11	CRISPRi	295forw	2	REFERENCE_HOMOZYGOUS	TTGTGTGCTACAGTTGTTCAAGG	UNCHANGED
HG03129	CXCL11	CRISPRi	295forw	1	REFERENCE_HOMOZYGOUS	TTGTGTGCTACAGTTGTTCAAGG	UNCHANGED
HG03129	CXCL11	CRISPRi	295forw	2	REFERENCE_HOMOZYGOUS	TTGTGTGCTACAGTTGTTCAAGG	UNCHANGED
NA19175	CXCL11	CRISPRi	295forw	1	REFERENCE_HOMOZYGOUS	TTGTGTGCTACAGTTGTTCAAGG	UNCHANGED
NA19175	CXCL11	CRISPRi	295forw	2	REFERENCE_HOMOZYGOUS	TTGTGTGCTACAGTTGTTCAAGG	UNCHANGED
NA19462	CXCL11	CRISPRi	295forw	1	REFERENCE_HOMOZYGOUS	TTGTGTGCTACAGTTGTTCAAGG	UNCHANGED
NA19462	CXCL11	CRISPRi	295forw	2	REFERENCE_HOMOZYGOUS	TTGTGTGCTACAGTTGTTCAAGG	UNCHANGED
HG00142	SERPINB2	CRISPRa	40forw	1	REFERENCE_HOMOZYGOUS	TGAACTGTAACAACTCTCAGAGG	UNCHANGED
HG00142	SERPINB2	CRISPRa	40forw	2	REFERENCE_HOMOZYGOUS	TGAACTGTAACAACTCTCAGAGG	UNCHANGED
HG00178	SERPINB2	CRISPRa	40forw	1	REFERENCE_HOMOZYGOUS	TGAACTGTAACAACTCTCAGAGG	UNCHANGED
HG00178	SERPINB2	CRISPRa	40forw	2	REFERENCE_HOMOZYGOUS	TGAACTGTAACAACTCTCAGAGG	UNCHANGED
HG00237	SERPINB2	CRISPRa	40forw	1	REFERENCE_HOMOZYGOUS	TGAACTGTAACAACTCTCAGAGG	UNCHANGED
HG00237	SERPINB2	CRISPRa	40forw	2	REFERENCE_HOMOZYGOUS	TGAACTGTAACAACTCTCAGAGG	UNCHANGED
HG01521	SERPINB2	CRISPRa	40forw	1	REFERENCE_HOMOZYGOUS	TGAACTGTAACAACTCTCAGAGG	UNCHANGED
HG01521	SERPINB2	CRISPRa	40forw	2	REFERENCE_HOMOZYGOUS	TGAACTGTAACAACTCTCAGAGG	UNCHANGED
HG03129	SERPINB2	CRISPRa	40forw	1	REFERENCE_HOMOZYGOUS	TGAACTGTAACAACTCTCAGAGG	UNCHANGED
HG03129	SERPINB2	CRISPRa	40forw	2	REFERENCE_HOMOZYGOUS	TGAACTGTAACAACTCTCAGAGG	UNCHANGED
NA19175	SERPINB2	CRISPRa	40forw	1	REFERENCE_HOMOZYGOUS	TGAACTGTAACAACTCTCAGAGG	UNCHANGED
NA19175	SERPINB2	CRISPRa	40forw	2	REFERENCE_HOMOZYGOUS	TGAACTGTAACAACTCTCAGAGG	UNCHANGED
NA19462	SERPINB2	CRISPRa	40forw	1	REFERENCE_HOMOZYGOUS	TGAACTGTAACAACTCTCAGAGG	UNCHANGED
NA19462	SERPINB2	CRISPRa	40forw	2	REFERENCE_HOMOZYGOUS	TGAACTGTAACAACTCTCAGAGG	UNCHANGED
HG00142	SERPINB2	CRISPRa	90forw	1	RECONSTRUCTED	AGAATAACCAGAGAACAACCAGG	UNCHANGED
HG00142	SERPINB2	CRISPRa	90forw	2	RECONSTRUCTED	AGAATAACCAGAGAACAACCAGG	UNCHANGED
HG00178	SERPINB2	CRISPRa	90forw	1	RECONSTRUCTED	AGAATAACCAGAGAACAACCAGG	UNCHANGED
HG00178	SERPINB2	CRISPRa	90forw	2	RECONSTRUCTED	AGAATAACCAGAGAACAACCAGG	UNCHANGED
HG00237	SERPINB2	CRISPRa	90forw	1	RECONSTRUCTED	AGAATAACCAGAGAACAACCAGG	UNCHANGED
HG00237	SERPINB2	CRISPRa	90forw	2	RECONSTRUCTED	AGAATAACCAGAGAACAACCAGG	UNCHANGED
HG01521	SERPINB2	CRISPRa	90forw	1	RECONSTRUCTED	AGAATAACCAGAGAACAACCAGG	UNCHANGED
HG01521	SERPINB2	CRISPRa	90forw	2	RECONSTRUCTED	AGAATAACCAGAGAACAACCAGG	UNCHANGED
HG03129	SERPINB2	CRISPRa	90forw	1	RECONSTRUCTED	AGAATAACCAGAGAACAACCAGG	UNCHANGED
HG03129	SERPINB2	CRISPRa	90forw	2	RECONSTRUCTED	AGAATAACCAGAGAACAACCAGG	UNCHANGED
NA19175	SERPINB2	CRISPRa	90forw	1	RECONSTRUCTED	AGAATAACCAGAGAACAACCAGG	UNCHANGED
NA19175	SERPINB2	CRISPRa	90forw	2	RECONSTRUCTED	AGAATAACCAGAGAACAACCAGG	UNCHANGED
NA19462	SERPINB2	CRISPRa	90forw	1	RECONSTRUCTED	AGAATAACCAGAGAACAACCAGG	UNCHANGED
NA19462	SERPINB2	CRISPRa	90forw	2	RECONSTRUCTED	AGAATAACCAGAGAACAACCAGG	UNCHANGED
HG00142	SERPINB2	CRISPRa	50rev	1	RECONSTRUCTED	TCTCTGAGTTGCTGTCTGACGGG	UNCHANGED
HG00142	SERPINB2	CRISPRa	50rev	2	RECONSTRUCTED	TCTCTGAGTTGCTGTCTGACGGG	UNCHANGED
HG00178	SERPINB2	CRISPRa	50rev	1	RECONSTRUCTED	TCTCTGAGTTGCTGTCTGACGGG	UNCHANGED
HG00178	SERPINB2	CRISPRa	50rev	2	RECONSTRUCTED	TCTCTGAGTTGCTGTCTGACGGG	UNCHANGED
HG00237	SERPINB2	CRISPRa	50rev	1	RECONSTRUCTED	TCTCTGAGTTGCTGTCTGACGGG	UNCHANGED
HG00237	SERPINB2	CRISPRa	50rev	2	RECONSTRUCTED	TCTCTGAGTTGCTGTCTGACGGG	UNCHANGED
HG01521	SERPINB2	CRISPRa	50rev	1	RECONSTRUCTED	TCTCTGAGTTGCTGTCTGACGGG	UNCHANGED
HG01521	SERPINB2	CRISPRa	50rev	2	RECONSTRUCTED	TCTCTGAGTTGCTGTCTGACGGG	UNCHANGED
HG03129	SERPINB2	CRISPRa	50rev	1	RECONSTRUCTED	TCTCTGAGTTGCTGTCTGACGGG	UNCHANGED
HG03129	SERPINB2	CRISPRa	50rev	2	RECONSTRUCTED	TCTCTGAGTTGCTGTCTGACGGG	UNCHANGED
NA19175	SERPINB2	CRISPRa	50rev	1	RECONSTRUCTED	TCTCTGAGTTGCTGTCTGACGGG	UNCHANGED
NA19175	SERPINB2	CRISPRa	50rev	2	RECONSTRUCTED	TCTCTGAGTTGCTGTCTGACGGG	UNCHANGED
NA19462	SERPINB2	CRISPRa	50rev	1	RECONSTRUCTED	TCTCTGAGTTGCTGTCTGACGGG	UNCHANGED
NA19462	SERPINB2	CRISPRa	50rev	2	RECONSTRUCTED	TCTCTGAGTTGCTGTCTGACGGG	UNCHANGED
HG00142	SERPINB2	CRISPRa	77rev	1	RECONSTRUCTED	TGAAATACCTGGTTGTTCTCTGG	UNCHANGED
HG00142	SERPINB2	CRISPRa	77rev	2	RECONSTRUCTED	TGAAATACCTGGTTGTTCTCTGG	UNCHANGED
HG00178	SERPINB2	CRISPRa	77rev	1	RECONSTRUCTED	TGAAATACCTGGTTGTTCTCTGG	UNCHANGED
HG00178	SERPINB2	CRISPRa	77rev	2	RECONSTRUCTED	TGAAATACCTGGTTGTTCTCTGG	UNCHANGED
HG00237	SERPINB2	CRISPRa	77rev	1	RECONSTRUCTED	TGAAATACCTGGTTGTTCTCTGG	UNCHANGED
HG00237	SERPINB2	CRISPRa	77rev	2	RECONSTRUCTED	TGAAATACCTGGTTGTTCTCTGG	UNCHANGED
HG01521	SERPINB2	CRISPRa	77rev	1	RECONSTRUCTED	TGAAATACCTGGTTGTTCTCTGG	UNCHANGED
HG01521	SERPINB2	CRISPRa	77rev	2	RECONSTRUCTED	TGAAATACCTGGTTGTTCTCTGG	UNCHANGED
HG03129	SERPINB2	CRISPRa	77rev	1	RECONSTRUCTED	TGAAATACCTGGTTGTTCTCTGG	UNCHANGED
HG03129	SERPINB2	CRISPRa	77rev	2	RECONSTRUCTED	TGAAATACCTGGTTGTTCTCTGG	UNCHANGED
NA19175	SERPINB2	CRISPRa	77rev	1	RECONSTRUCTED	TGAAATACCTGGTTGTTCTCTGG	UNCHANGED
NA19175	SERPINB2	CRISPRa	77rev	2	RECONSTRUCTED	TGAAATACCTGGTTGTTCTCTGG	UNCHANGED
NA19462	SERPINB2	CRISPRa	77rev	1	RECONSTRUCTED	TGAAATACCTGGTTGTTCTCTGG	UNCHANGED
NA19462	SERPINB2	CRISPRa	77rev	2	RECONSTRUCTED	TGAAATACCTGGTTGTTCTCTGG	UNCHANGED
