site	EUR	AFR	EAS	SAS	AMR
SERPINB2 40forw | chr4:90450821	499	660	504	488	347
SERPINB2 90forw | chr4:150035348	456	523	502	404	320
SERPINB2 77rev | chr10:69616327	279	223	379	292	219
CXCL11 98forw | chr3:120777182	278	216	120	132	142
SERPINB2 40forw | chr1:14817946	200	323	30	119	126
CXCL11 261rev | chr14:62312475	1	155	0	0	7
SERPINB2 90forw | chr2:29435340	3	4	27	101	19
CXCL11 264forw | chr12:119942673	1	89	0	1	3
SERPINB2 51rev | chr16:85609408	50	2	1	61	6
CXCL11 76forw | chr1:184150596	10	76	0	1	7
CXCL11 77forw | chr5:109357617	53	5	3	14	20
CXCL11 145rev | chr4:70324276	53	4	0	13	17
CXCL11 145rev | chr11:117452463	5	0	51	2	0
CXCL11 261rev | chr2:240300874	0	0	11	32	0
CXCL11 77forw | chr8:4095941	0	0	0	30	0
SERPINB2 77rev | chr4:179562382	0	0	0	1	18
CXCL11 76forw | chr20:3995047	23	2	0	2	8
CXCL11 145rev | chr6:48002842	0	29	0	0	0
SERPINB2 40forw | chr3:155170877	0	29	0	0	3
SERPINB2 50rev | chr5:113918154	0	26	0	0	1
CXCL11 169rev | chr1:148254985	7	20	0	7	3
CXCL11 145rev | chr2:19881290	0	1	5	14	0
CXCL11 261rev | chr20:22815057	0	0	11	0	0
CXCL11 145rev | chr7:393275	1	14	0	1	7
CXCL11 145rev | chr13:106540847	0	10	0	0	0
CXCL11 264forw | chr11:60869734	0	0	7	0	0
SERPINB2 90forw | chr1:213185737	0	0	0	6	0
CXCL11 77forw | chr18:1580903	6	0	0	2	1
CXCL11 261rev | chr4:94813896	3	0	0	0	4
SERPINB2 77rev | chr4:63255324	0	0	3	5	0
CXCL11 295forw | chr4:41683697	0	0	0	5	0
CXCL11 77forw | chr11:115871205	0	6	0	0	0
CXCL11 261rev | chr21:39004641	0	5	0	0	1
SERPINB2 90forw | chr2:151661681	0	5	0	0	2
CXCL11 76forw | chr19:56207833	0	5	0	0	0
CXCL11 77forw | chr21:33166634	0	0	0	3	0
CXCL11 295forw | chr1:209839843	0	4	0	0	0
CXCL11 76forw | chr21:41245919	0	1	3	0	0
CXCL11 145rev | chr8:117644008	3	0	0	0	0
SERPINB2 50rev | chr3:190408448	0	3	0	0	1
CXCL11 295forw | chr2:76528627	0	0	0	2	0
CXCL11 76forw | chr9:1269256	2	0	0	0	1
CXCL11 76forw | chr9:118297327	0	2	0	0	0
CXCL11 264forw | chr1:36875221	0	2	0	0	0
CXCL11 77forw | chr12:112865307	0	2	0	0	0
SERPINB2 50rev | chr11:109874547	0	2	0	0	0
SERPINB2 51rev | chr10:72904315	0	2	0	0	0
CXCL11 77forw | chr9:118297328	0	2	0	0	0
CXCL11 295forw | chr12:6160606	0	2	0	0	0
SERPINB2 51rev | chr12:59388014	0	0	0	0	1
SERPINB2 40forw | chr11:39975514	1	0	0	0	1
SERPINB2 90forw | chr6:73029465	0	1	0	0	1
CXCL11 295forw | chr1:20397032	0	0	1	0	1
SERPINB2 90forw | chr6:103540137	0	0	0	0	1
CXCL11 145rev | chr1:234875490	0	0	0	0	1
SERPINB2 77rev | chr11:24404801	0	0	0	0	1
SERPINB2 51rev | chr2:41040192	0	0	0	1	0
CXCL11 98forw | chr1:214251523	0	0	0	1	0
CXCL11 77forw | chr1:217095097	0	0	0	1	0
SERPINB2 51rev | chr7:157347575	0	0	0	1	0
SERPINB2 51rev | chr9:29697945	0	0	0	1	0
CXCL11 295forw | chr1:107875463	0	0	1	1	0
CXCL11 264forw | chr2:7242402	0	0	0	1	0
CXCL11 106forw | chr2:12709965	0	0	0	1	0
SERPINB2 51rev | chr3:193978783	1	0	0	0	0
SERPINB2 51rev | chr6:92847718	1	0	0	0	0
SERPINB2 51rev | chr2:230676622	1	0	0	0	0
SERPINB2 51rev | chr22:34987560	0	0	1	0	0
CXCL11 106forw | chr13:42028266	0	0	1	0	0
SERPINB2 50rev | chr2:74131641	1	0	0	0	0
CXCL11 76forw | chr5:78975055	1	0	0	0	0
CXCL11 145rev | chr7:31880155	1	0	1	0	0
CXCL11 169rev | chr11:117380657	0	0	1	0	0
CXCL11 169rev | chr1:3357296	0	0	1	0	0
CXCL11 264forw | chr7:73904310	1	0	0	0	0
CXCL11 295forw | chr3:7371276	1	0	0	0	0
CXCL11 295forw | chr4:44803345	1	0	0	0	0
CXCL11 76forw | chr15:80316232	0	0	1	0	0
CXCL11 76forw | chr16:85891529	1	0	0	0	0
CXCL11 77forw | chr3:142614110	0	0	1	0	0
CXCL11 98forw | chr8:110018604	1	0	0	0	0
SERPINB2 40forw | chr3:149294191	1	1	0	0	0
CXCL11 106forw | chr21:39129905	0	1	0	0	0
SERPINB2 50rev | chr2:104703983	0	1	0	0	0
CXCL11 77forw | chr2:30886153	0	1	0	0	0
CXCL11 77forw | chr5:10291251	0	1	0	0	0
CXCL11 98forw | chr8:14851688	0	1	0	0	0
SERPINB2 90forw | chr2:226366787	0	1	0	0	0
SERPINB2 51rev | chr17:41422187	0	1	0	0	0
CXCL11 145rev | chr2:151065657	0	1	0	0	0
CXCL11 77forw | chr16:24372318	0	1	0	0	0
