gene	mode	guide_id	EUR_total	EUR_disrupted_n	EUR_disruption_pct	AFR_total	AFR_disrupted_n	AFR_disruption_pct	EAS_total	EAS_disrupted_n	EAS_disruption_pct	SAS_total	SAS_disrupted_n	SAS_disruption_pct	AMR_total	AMR_disrupted_n	AMR_disruption_pct
CXCL11	CRISPRi	106forw	504	0	0.0	660	0	0.0	504	0	0.0	489	0	0.0	347	0	0.0
CXCL11	CRISPRi	145rev	504	0	0.0	660	0	0.0	504	0	0.0	489	0	0.0	347	0	0.0
CXCL11	CRISPRi	169rev	504	0	0.0	660	0	0.0	504	0	0.0	489	0	0.0	347	0	0.0
CXCL11	CRISPRi	261rev	504	0	0.0	660	0	0.0	504	1	0.2	489	0	0.0	347	0	0.0
CXCL11	CRISPRi	264forw	504	0	0.0	660	0	0.0	504	1	0.2	489	0	0.0	347	0	0.0
CXCL11	CRISPRi	295forw	504	0	0.0	660	0	0.0	504	0	0.0	489	0	0.0	347	0	0.0
CXCL11	CRISPRi	76forw	504	0	0.0	660	0	0.0	504	2	0.4	489	0	0.0	347	1	0.29
CXCL11	CRISPRi	77forw	504	0	0.0	660	0	0.0	504	2	0.4	489	0	0.0	347	1	0.29
CXCL11	CRISPRi	98forw	504	0	0.0	660	2	0.3	504	0	0.0	489	0	0.0	347	0	0.0
SERPINB2	CRISPRa	40forw	504	0	0.0	660	0	0.0	504	0	0.0	489	0	0.0	347	0	0.0
SERPINB2	CRISPRa	50rev	504	24	4.76	660	3	0.45	504	171	33.93	489	48	9.82	347	30	8.65
SERPINB2	CRISPRa	51rev	504	0	0.0	660	15	2.27	504	0	0.0	489	0	0.0	347	1	0.29
SERPINB2	CRISPRa	77rev	504	0	0.0	660	0	0.0	504	0	0.0	489	0	0.0	347	0	0.0
SERPINB2	CRISPRa	90forw	504	0	0.0	660	0	0.0	504	10	1.98	489	0	0.0	347	0	0.0
