chrom	DECREASED	INCREASED	REMOVED	SHIFTED	UNCHANGED_NO_PAM	UNRESOLVED
1	4910	1016	62	1238	157	13
2	4680	196	3741	230	330	4952
3	6539	40	20	141	21	482
4	8341	8395	46	1525	8	237
5	4203	127	115	1589	66	600
6	1459	33	2889	4014	72	48
7	4758	26	1268	129	10	438
8	3390	36	44	151	175	15
9	9828	8	74	155	0	257
10	5596	2	83	51	51	25
11	995	71	958	13	1032	5
12	3142	3	214	14	2	9
13	5934	10	62	23	1350	5
14	1280	0	29	1	63	23
15	2864	1	9	2026	10	18
16	6136	127	3502	62	7	5
17	13239	1	202	4201	2553	2
18	2970	9	42	16	0	573
19	1084	5	12	172	2	0
20	2802	36	728	89	8	51
21	1349	7	8	7527	202	0
22	15	1	0	16	0	41
