gene	guide_id	offtarget_id	chrom	start_1based	observations	carriers	carrier_pct	strand	locus_description	reference_mismatch_count_crispor	reference_mit_score	reference_cfd_score	EUR_carrier_pct	AFR_carrier_pct	EAS_carrier_pct	SAS_carrier_pct	AMR_carrier_pct
CXCL11	98forw	OT01626	3	120777182	1010	888	35.463	+	intron:GTF2E1	3.0	0.18645943775100404	0.0	55.159	32.727	23.81	26.994	40.922
CXCL11	261rev	OT01305	14	62312475	180	163	6.51	-	intergenic:LINC00644-KCNH5	4.0	1.278706571146245	0.2701298698317873	0.198	23.485	0.0	0.0	2.017
CXCL11	77forw	OT01212	5	109357617	98	95	3.794	+	intron:PJA2	4.0	0.02428217936413044	0.04508470043561869	10.516	0.758	0.595	2.863	5.764
CXCL11	76forw	OT00582	1	184150596	96	94	3.754	+	intergenic:TSEN15-Y_RNA	4.0	0.01365152908965517	0.09994615692865795	1.984	11.515	0.0	0.204	2.017
CXCL11	264forw	OT00188	12	119942673	99	94	3.754	-	intergenic:AC004813.1-CCDC64	4.0	0.0026133089196226423	0.010796221268645973	0.198	13.485	0.0	0.204	0.865
CXCL11	145rev	OT01022	4	70324276	88	87	3.474	-	intergenic:CSN3-CABS1	4.0	0.09060544725000003	0.03393939388715151	10.516	0.606	0.0	2.658	4.899
CXCL11	145rev	OT00884	11	117452463	61	58	2.316	-	intron:DSCAML1	4.0	0.669826867219917	0.3288581316649826	0.992	0.0	10.119	0.409	0.0
CXCL11	261rev	OT01404	2	240300874	44	43	1.717	+	intergenic:U3-GPC1	4.0	0.06255889817370283	0.06637037040948149	0.0	0.0	2.183	6.544	0.0
CXCL11	169rev	OT00824	1	148254985	37	37	1.478	+	intergenic:RP4-565E6.1-RNU1-120P	4.0	0.10062676187782806	0.01273236567821068	1.389	3.03	0.0	1.431	0.865
CXCL11	76forw	OT00628	20	3995047	36	35	1.398	+	intron:RNF24	4.0	0.03571080939056017	0.034324942687851044	4.563	0.303	0.0	0.409	2.305
CXCL11	77forw	OT01228	8	4095941	33	30	1.198	+	intron:CSMD1	4.0	0.13095117183673471	0.02896129210860484	0.0	0.0	0.0	6.135	0.0
CXCL11	145rev	OT00980	6	48002842	29	29	1.158	-	intron:PTCHD4	4.0	0.4040272532188841	0.08213333323626666	0.0	4.394	0.0	0.0	0.0
CXCL11	145rev	OT00994	7	393275	23	23	0.919	-	intergenic:AC226118.1-AC147651.1	4.0	0.12509253112033197	0.0652680652055944	0.198	2.121	0.0	0.204	2.017
CXCL11	145rev	OT00981	2	19881290	20	20	0.799	-	intron:LINC00954	4.0	0.03161909776339286	0.08166666667395833	0.0	0.152	0.992	2.863	0.0
CXCL11	261rev	OT01537	20	22815057	11	11	0.439	+	intergenic:AL158175.1-RP4-753D10.5	4.0	0.00863422785172414	0.0	0.0	0.0	2.183	0.0	0.0
CXCL11	145rev	OT01062	13	106540847	10	10	0.399	-	intergenic:EFNB2-ARGLU1	4.0	0.05175004325109172	0.010504201682126698	0.0	1.515	0.0	0.0	0.0
CXCL11	77forw	OT01731	18	1580903	9	9	0.359	-	intron:RP11-476K15.1	3.0	0.45587761674718197	0.2244897962244898	1.19	0.0	0.0	0.409	0.288
CXCL11	261rev	OT01474	4	94813896	7	7	0.28	+	intron:BMPR1B	4.0	0.13417909615384613	0.027210884333333334	0.595	0.0	0.0	0.0	1.153
CXCL11	264forw	OT01574	11	60869734	7	7	0.28	-	exon:ZP1	3.0	0.29993972602739727	0.035526315780000005	0.0	0.0	1.389	0.0	0.0
CXCL11	261rev	OT01360	21	39004641	6	6	0.24	-	intron:AF064858.8	4.0	0.27365625000000005	0.12165775388502674	0.0	0.758	0.0	0.0	0.288
CXCL11	77forw	OT01273	11	115871205	6	6	0.24	+	intergenic:AP000797.3-AP000797.4	4.0	0.038560765978506786	0.0	0.0	0.909	0.0	0.0	0.0
CXCL11	76forw	OT00626	19	56207833	5	5	0.2	-	intron:ZSCAN5C	4.0	0.13598378528225807	0.0349999999125	0.0	0.758	0.0	0.0	0.0
CXCL11	295forw	OT00340	4	41683697	5	5	0.2	+	intron:LIMCH1	4.0	0.0521685660601266	0.0	0.0	0.0	0.0	1.022	0.0
CXCL11	76forw	OT00661	21	41245919	4	4	0.16	-	intron:BACE2	4.0	0.006514255205928855	0.0	0.0	0.152	0.595	0.0	0.0
CXCL11	295forw	OT00222	1	209839843	4	4	0.16	+	intron:DIEXF	4.0	0.21367364318181817	0.4023809524428572	0.0	0.606	0.0	0.0	0.0
CXCL11	77forw	OT01118	21	33166634	3	3	0.12	+	intergenic:LINC01548-AP000290.1	4.0	0.8483058794466403	0.3111644655270108	0.0	0.0	0.0	0.613	0.0
CXCL11	145rev	OT01105	8	117644008	3	3	0.12	-	intergenic:MED30-EXT1	4.0	0.009121743301244814	0.0	0.595	0.0	0.0	0.0	0.0
CXCL11	76forw	OT00575	9	1269256	3	3	0.12	-	intergenic:DMRT2-RNA5SP279	4.0	0.2281518962882096	0.1273684209368421	0.397	0.0	0.0	0.0	0.288
CXCL11	295forw	OT01601	1	107875463	2	2	0.08	-	intergenic:VAV3-MIR7852	3.0	0.04218738634538152	0.0	0.0	0.0	0.198	0.204	0.0
CXCL11	77forw	OT01115	9	118297328	2	2	0.08	+	intergenic:RP11-281A20.1-RP11-349E4.1	4.0	0.22794645772058816	0.324	0.0	0.303	0.0	0.0	0.0
CXCL11	77forw	OT01120	12	112865307	2	2	0.08	+	intron:RPH3A	4.0	0.8019389150943397	0.30681818209431827	0.0	0.303	0.0	0.0	0.0
CXCL11	76forw	OT00525	9	118297327	2	2	0.08	+	intergenic:RP11-281A20.1-RP11-349E4.1	4.0	0.669826867219917	0.7137254900729412	0.0	0.303	0.0	0.0	0.0
CXCL11	295forw	OT00296	2	76528627	2	2	0.08	-	intergenic:RN7SKP203-RN7SKP164	4.0	0.10499047599303801	0.007734375000000001	0.0	0.0	0.0	0.409	0.0
CXCL11	295forw	OT00240	1	20397032	2	2	0.08	-	intron:LINC01141	4.0	0.05391525681818182	0.15824175804395607	0.0	0.0	0.198	0.0	0.288
CXCL11	264forw	OT00124	1	36875221	2	2	0.08	-	intron:GRIK3	4.0	0.09680718874849399	0.12662337674025972	0.0	0.303	0.0	0.0	0.0
CXCL11	295forw	OT00315	12	6160606	2	2	0.08	-	exon:RP3-454B23.1	4.0	0.09061795774647888	0.0	0.0	0.303	0.0	0.0	0.0
CXCL11	145rev	OT01024	7	31880155	2	2	0.08	-	intron:PDE1C	4.0	0.145764396658297	0.03126399366187665	0.198	0.0	0.198	0.0	0.0
CXCL11	295forw	OT00341	4	44803345	1	1	0.04	-	intergenic:GNPDA2-RP11-362I1.1	4.0	0.10820970866072964	0.0	0.198	0.0	0.0	0.0	0.0
CXCL11	77forw	OT01227	16	24372318	1	1	0.04	-	intergenic:CACNG3-RNU7-24P	4.0	0.20966099260563376	0.028998115120342168	0.0	0.152	0.0	0.0	0.0
CXCL11	98forw	OT00520	8	110018604	1	1	0.04	+	intergenic:KCNV1-RP11-211F2.1	4.0	0.07431375	0.0	0.198	0.0	0.0	0.0	0.0
CXCL11	98forw	OT00466	8	14851688	1	1	0.04	-	intergenic:SGCZ-MIR383	4.0	0.05485268235090362	0.014857142934666669	0.0	0.152	0.0	0.0	0.0
CXCL11	98forw	OT00400	1	214251523	1	1	0.04	-	intergenic:PROX1-SMYD2	4.0	0.7615767366245135	0.12734693890054422	0.0	0.0	0.0	0.204	0.0
CXCL11	106forw	OT00062	13	42028266	1	1	0.04	-	intergenic:VWA8-AS1-DGKH	4.0	0.01862858915357143	0.023872679001234444	0.0	0.0	0.198	0.0	0.0
CXCL11	145rev	OT00909	2	151065657	1	1	0.04	+	intergenic:AC023469.1-AC018731.3	4.0	0.060753760838855406	0.22340012919095015	0.0	0.152	0.0	0.0	0.0
CXCL11	77forw	OT01271	1	217095097	1	1	0.04	+	intron:ESRRG	4.0	0.01687852869230769	0.0	0.0	0.0	0.0	0.204	0.0
CXCL11	77forw	OT01244	5	10291251	1	1	0.04	+	intergenic:CMBL-Y_RNA	4.0	0.03748352603526971	0.013445378109803924	0.0	0.152	0.0	0.0	0.0
CXCL11	77forw	OT01240	3	142614110	1	1	0.04	-	intron:PLS1	4.0	0.213926133306962	0.017286914716926772	0.0	0.0	0.198	0.0	0.0
CXCL11	145rev	OT00979	1	234875490	1	1	0.04	+	intergenic:RNY4P16-RN7SL668P	4.0	0.06212128820960701	0.08296296293925927	0.0	0.0	0.0	0.0	0.288
CXCL11	77forw	OT01204	2	30886153	1	1	0.04	+	intergenic:CAPN13-GALNT14	4.0	0.13549822191455696	0.05347593582627178	0.0	0.152	0.0	0.0	0.0
CXCL11	169rev	OT00769	1	3357296	1	1	0.04	+	intergenic:RP11-22L13.1-PRDM16	4.0	0.0702412013260369	0.10062251783366429	0.0	0.0	0.198	0.0	0.0
CXCL11	169rev	OT00775	11	117380657	1	1	0.04	-	exon:CEP164	4.0	0.26014148755656114	0.08144796372620322	0.0	0.0	0.198	0.0	0.0
CXCL11	264forw	OT00139	7	73904310	1	1	0.04	+	intergenic:WBSCR28-RP11-731K22.1	4.0	0.08693068471030044	0.09304511261616542	0.198	0.0	0.0	0.0	0.0
CXCL11	76forw	OT00644	16	85891529	1	1	0.04	-	intergenic:RP11-568J23.2-IRF8	4.0	0.04306038908450703	0.02206896549149425	0.198	0.0	0.0	0.0	0.0
CXCL11	264forw	OT00147	2	7242402	1	1	0.04	+	intergenic:RN7SKP112-RP11-557L19.1	4.0	0.05459334272859924	0.07430340563387883	0.0	0.0	0.0	0.204	0.0
CXCL11	295forw	OT00237	3	7371276	1	1	0.04	-	intron:GRM7	4.0	0.32177419354838704	0.18676041881246785	0.198	0.0	0.0	0.0	0.0
CXCL11	76forw	OT00597	5	78975055	1	1	0.04	-	intron:ARSB	4.0	0.20013205645161292	0.07800000003	0.198	0.0	0.0	0.0	0.0
CXCL11	106forw	OT00034	21	39129905	1	1	0.04	-	intergenic:AF064858.10-uc_338	4.0	0.2383521172228507	0.07054673719753088	0.0	0.152	0.0	0.0	0.0
CXCL11	76forw	OT00566	15	80316232	1	1	0.04	+	intron:LINC00927	4.0	0.7691295637645914	0.15132275117689595	0.0	0.0	0.198	0.0	0.0
CXCL11	106forw	OT00009	2	12709965	1	1	0.04	+	intergenic:AC096559.2-RP11-333O1.1	4.0	0.07157974585843374	0.2414285716328572	0.0	0.0	0.0	0.204	0.0
