gene	guide_id	chr1	chr2	chr3	chr4	chr5	chr6	chr7	chr8	chr9	chr11	chr12	chr13	chr14	chr15	chr16	chr18	chr19	chr20	chr21	total
CXCL11	98forw	1	0	1010	0	0	0	0	2	0	0	0	0	0	0	0	0	0	0	0	1013
CXCL11	261rev	0	44	0	7	0	0	0	0	0	0	0	0	180	0	0	0	0	11	6	248
CXCL11	145rev	1	21	0	88	0	29	25	3	0	61	0	10	0	0	0	0	0	0	0	238
CXCL11	77forw	1	1	1	0	99	0	0	33	2	6	2	0	0	0	1	9	0	0	3	158
CXCL11	76forw	96	0	0	0	1	0	0	0	5	0	0	0	0	1	1	0	5	36	4	149
CXCL11	264forw	2	1	0	0	0	0	1	0	0	7	99	0	0	0	0	0	0	0	0	110
CXCL11	169rev	38	0	0	0	0	0	0	0	0	1	0	0	0	0	0	0	0	0	0	39
CXCL11	295forw	8	2	1	6	0	0	0	0	0	0	2	0	0	0	0	0	0	0	0	19
CXCL11	106forw	0	1	0	0	0	0	0	0	0	0	0	1	0	0	0	0	0	0	1	3
