chrom	DECREASED	INCREASED	REMOVED	SHIFTED	UNCHANGED	UNCHANGED_NO_PAM	UNRESOLVED
1	16	2	0	4	3296	0	0
2	9	0	13	1	3392	4	11
3	22	0	0	0	2929	0	3
4	19	22	0	7	2303	0	1
5	14	1	0	6	2497	0	2
6	4	0	11	13	2042	2	0
7	14	0	5	0	2276	0	1
8	13	0	0	0	1624	1	0
9	28	0	1	0	1650	0	1
10	14	1	0	0	1819	0	0
11	4	0	0	0	2026	0	0
12	7	0	1	0	1966	0	0
13	20	0	0	0	1165	5	0
14	2	0	0	0	1048	0	0
15	9	0	0	7	1132	0	0
16	16	1	12	1	1090	0	0
17	33	0	0	14	1272	11	0
18	6	0	1	0	1154	0	1
19	7	0	0	1	762	0	0
20	12	0	6	0	906	0	0
21	6	0	0	23	699	0	0
22	0	0	0	0	644	0	0
