sample_id	gene	mode	guide_id	targetable_alleles	disrupted_alleles	unknown_alleles	target_statuses	reconstruction_statuses	guide_status
HG00142	CXCL11	CRISPRi	106forw	2	0	0	UNCHANGED,UNCHANGED	REFERENCE_HOMOZYGOUS,REFERENCE_HOMOZYGOUS	PASS
HG00142	CXCL11	CRISPRi	145rev	2	0	0	UNCHANGED,UNCHANGED	REFERENCE_HOMOZYGOUS,REFERENCE_HOMOZYGOUS	PASS
HG00142	CXCL11	CRISPRi	169rev	2	0	0	UNCHANGED,UNCHANGED	REFERENCE_HOMOZYGOUS,REFERENCE_HOMOZYGOUS	PASS
HG00142	CXCL11	CRISPRi	261rev	2	0	0	UNCHANGED,UNCHANGED	RECONSTRUCTED,RECONSTRUCTED	PASS
HG00142	CXCL11	CRISPRi	264forw	2	0	0	UNCHANGED,UNCHANGED	RECONSTRUCTED,RECONSTRUCTED	PASS
HG00142	CXCL11	CRISPRi	295forw	2	0	0	UNCHANGED,UNCHANGED	REFERENCE_HOMOZYGOUS,REFERENCE_HOMOZYGOUS	PASS
HG00142	CXCL11	CRISPRi	76forw	2	0	0	UNCHANGED,UNCHANGED	RECONSTRUCTED,RECONSTRUCTED	PASS
HG00142	CXCL11	CRISPRi	77forw	2	0	0	UNCHANGED,UNCHANGED	RECONSTRUCTED,RECONSTRUCTED	PASS
HG00142	CXCL11	CRISPRi	98forw	2	0	0	UNCHANGED,UNCHANGED	RECONSTRUCTED,RECONSTRUCTED	PASS
HG00142	SERPINB2	CRISPRa	40forw	2	0	0	UNCHANGED,UNCHANGED	REFERENCE_HOMOZYGOUS,REFERENCE_HOMOZYGOUS	PASS
HG00142	SERPINB2	CRISPRa	50rev	2	0	0	UNCHANGED,UNCHANGED	RECONSTRUCTED,RECONSTRUCTED	PASS
HG00142	SERPINB2	CRISPRa	51rev	2	0	0	UNCHANGED,UNCHANGED	RECONSTRUCTED,RECONSTRUCTED	PASS
HG00142	SERPINB2	CRISPRa	77rev	2	0	0	UNCHANGED,UNCHANGED	RECONSTRUCTED,RECONSTRUCTED	PASS
HG00142	SERPINB2	CRISPRa	90forw	2	0	0	UNCHANGED,UNCHANGED	RECONSTRUCTED,RECONSTRUCTED	PASS
HG00178	CXCL11	CRISPRi	106forw	2	0	0	UNCHANGED,UNCHANGED	REFERENCE_HOMOZYGOUS,REFERENCE_HOMOZYGOUS	PASS
HG00178	CXCL11	CRISPRi	145rev	2	0	0	UNCHANGED,UNCHANGED	REFERENCE_HOMOZYGOUS,REFERENCE_HOMOZYGOUS	PASS
HG00178	CXCL11	CRISPRi	169rev	2	0	0	UNCHANGED,UNCHANGED	REFERENCE_HOMOZYGOUS,REFERENCE_HOMOZYGOUS	PASS
HG00178	CXCL11	CRISPRi	261rev	2	0	0	UNCHANGED,UNCHANGED	RECONSTRUCTED,RECONSTRUCTED	PASS
HG00178	CXCL11	CRISPRi	264forw	2	0	0	UNCHANGED,UNCHANGED	RECONSTRUCTED,RECONSTRUCTED	PASS
HG00178	CXCL11	CRISPRi	295forw	2	0	0	UNCHANGED,UNCHANGED	REFERENCE_HOMOZYGOUS,REFERENCE_HOMOZYGOUS	PASS
HG00178	CXCL11	CRISPRi	76forw	2	0	0	UNCHANGED,UNCHANGED	RECONSTRUCTED,RECONSTRUCTED	PASS
HG00178	CXCL11	CRISPRi	77forw	2	0	0	UNCHANGED,UNCHANGED	RECONSTRUCTED,RECONSTRUCTED	PASS
HG00178	CXCL11	CRISPRi	98forw	2	0	0	UNCHANGED,UNCHANGED	RECONSTRUCTED,RECONSTRUCTED	PASS
HG00178	SERPINB2	CRISPRa	40forw	2	0	0	UNCHANGED,UNCHANGED	REFERENCE_HOMOZYGOUS,REFERENCE_HOMOZYGOUS	PASS
HG00178	SERPINB2	CRISPRa	50rev	2	0	0	UNCHANGED,UNCHANGED	RECONSTRUCTED,RECONSTRUCTED	PASS
HG00178	SERPINB2	CRISPRa	51rev	2	0	0	UNCHANGED,UNCHANGED	RECONSTRUCTED,RECONSTRUCTED	PASS
HG00178	SERPINB2	CRISPRa	77rev	2	0	0	UNCHANGED,UNCHANGED	RECONSTRUCTED,RECONSTRUCTED	PASS
HG00178	SERPINB2	CRISPRa	90forw	2	0	0	UNCHANGED,UNCHANGED	RECONSTRUCTED,RECONSTRUCTED	PASS
HG00237	CXCL11	CRISPRi	106forw	2	0	0	UNCHANGED,UNCHANGED	REFERENCE_HOMOZYGOUS,REFERENCE_HOMOZYGOUS	PASS
HG00237	CXCL11	CRISPRi	145rev	2	0	0	UNCHANGED,UNCHANGED	REFERENCE_HOMOZYGOUS,REFERENCE_HOMOZYGOUS	PASS
HG00237	CXCL11	CRISPRi	169rev	2	0	0	UNCHANGED,UNCHANGED	REFERENCE_HOMOZYGOUS,REFERENCE_HOMOZYGOUS	PASS
HG00237	CXCL11	CRISPRi	261rev	2	0	0	UNCHANGED,UNCHANGED	RECONSTRUCTED,RECONSTRUCTED	PASS
HG00237	CXCL11	CRISPRi	264forw	2	0	0	UNCHANGED,UNCHANGED	RECONSTRUCTED,RECONSTRUCTED	PASS
HG00237	CXCL11	CRISPRi	295forw	2	0	0	UNCHANGED,UNCHANGED	REFERENCE_HOMOZYGOUS,REFERENCE_HOMOZYGOUS	PASS
HG00237	CXCL11	CRISPRi	76forw	2	0	0	UNCHANGED,UNCHANGED	RECONSTRUCTED,RECONSTRUCTED	PASS
HG00237	CXCL11	CRISPRi	77forw	2	0	0	UNCHANGED,UNCHANGED	RECONSTRUCTED,RECONSTRUCTED	PASS
HG00237	CXCL11	CRISPRi	98forw	2	0	0	UNCHANGED,UNCHANGED	RECONSTRUCTED,RECONSTRUCTED	PASS
HG00237	SERPINB2	CRISPRa	40forw	2	0	0	UNCHANGED,UNCHANGED	REFERENCE_HOMOZYGOUS,REFERENCE_HOMOZYGOUS	PASS
HG00237	SERPINB2	CRISPRa	50rev	2	0	0	UNCHANGED,UNCHANGED	RECONSTRUCTED,RECONSTRUCTED	PASS
HG00237	SERPINB2	CRISPRa	51rev	2	0	0	UNCHANGED,UNCHANGED	RECONSTRUCTED,RECONSTRUCTED	PASS
HG00237	SERPINB2	CRISPRa	77rev	2	0	0	UNCHANGED,UNCHANGED	RECONSTRUCTED,RECONSTRUCTED	PASS
HG00237	SERPINB2	CRISPRa	90forw	2	0	0	UNCHANGED,UNCHANGED	RECONSTRUCTED,RECONSTRUCTED	PASS
HG01521	CXCL11	CRISPRi	106forw	2	0	0	UNCHANGED,UNCHANGED	REFERENCE_HOMOZYGOUS,REFERENCE_HOMOZYGOUS	PASS
HG01521	CXCL11	CRISPRi	145rev	2	0	0	UNCHANGED,UNCHANGED	REFERENCE_HOMOZYGOUS,REFERENCE_HOMOZYGOUS	PASS
HG01521	CXCL11	CRISPRi	169rev	2	0	0	UNCHANGED,UNCHANGED	REFERENCE_HOMOZYGOUS,REFERENCE_HOMOZYGOUS	PASS
HG01521	CXCL11	CRISPRi	261rev	2	0	0	UNCHANGED,UNCHANGED	RECONSTRUCTED,RECONSTRUCTED	PASS
HG01521	CXCL11	CRISPRi	264forw	2	0	0	UNCHANGED,UNCHANGED	RECONSTRUCTED,RECONSTRUCTED	PASS
HG01521	CXCL11	CRISPRi	295forw	2	0	0	UNCHANGED,UNCHANGED	REFERENCE_HOMOZYGOUS,REFERENCE_HOMOZYGOUS	PASS
HG01521	CXCL11	CRISPRi	76forw	2	0	0	UNCHANGED,UNCHANGED	RECONSTRUCTED,RECONSTRUCTED	PASS
HG01521	CXCL11	CRISPRi	77forw	2	0	0	UNCHANGED,UNCHANGED	RECONSTRUCTED,RECONSTRUCTED	PASS
HG01521	CXCL11	CRISPRi	98forw	2	0	0	UNCHANGED,UNCHANGED	RECONSTRUCTED,RECONSTRUCTED	PASS
HG01521	SERPINB2	CRISPRa	40forw	2	0	0	UNCHANGED,UNCHANGED	REFERENCE_HOMOZYGOUS,REFERENCE_HOMOZYGOUS	PASS
HG01521	SERPINB2	CRISPRa	50rev	2	0	0	UNCHANGED,UNCHANGED	RECONSTRUCTED,RECONSTRUCTED	PASS
HG01521	SERPINB2	CRISPRa	51rev	2	0	0	UNCHANGED,UNCHANGED	RECONSTRUCTED,RECONSTRUCTED	PASS
HG01521	SERPINB2	CRISPRa	77rev	2	0	0	UNCHANGED,UNCHANGED	RECONSTRUCTED,RECONSTRUCTED	PASS
HG01521	SERPINB2	CRISPRa	90forw	2	0	0	UNCHANGED,UNCHANGED	RECONSTRUCTED,RECONSTRUCTED	PASS
HG03129	CXCL11	CRISPRi	106forw	2	0	0	UNCHANGED,UNCHANGED	REFERENCE_HOMOZYGOUS,REFERENCE_HOMOZYGOUS	PASS
HG03129	CXCL11	CRISPRi	145rev	2	0	0	UNCHANGED,UNCHANGED	REFERENCE_HOMOZYGOUS,REFERENCE_HOMOZYGOUS	PASS
HG03129	CXCL11	CRISPRi	169rev	2	0	0	UNCHANGED,UNCHANGED	REFERENCE_HOMOZYGOUS,REFERENCE_HOMOZYGOUS	PASS
HG03129	CXCL11	CRISPRi	261rev	2	0	0	UNCHANGED,UNCHANGED	RECONSTRUCTED,RECONSTRUCTED	PASS
HG03129	CXCL11	CRISPRi	264forw	2	0	0	UNCHANGED,UNCHANGED	RECONSTRUCTED,RECONSTRUCTED	PASS
HG03129	CXCL11	CRISPRi	295forw	2	0	0	UNCHANGED,UNCHANGED	REFERENCE_HOMOZYGOUS,REFERENCE_HOMOZYGOUS	PASS
HG03129	CXCL11	CRISPRi	76forw	2	0	0	UNCHANGED,UNCHANGED	RECONSTRUCTED,RECONSTRUCTED	PASS
HG03129	CXCL11	CRISPRi	77forw	2	0	0	UNCHANGED,UNCHANGED	RECONSTRUCTED,RECONSTRUCTED	PASS
HG03129	CXCL11	CRISPRi	98forw	2	0	0	UNCHANGED,UNCHANGED	RECONSTRUCTED,RECONSTRUCTED	PASS
HG03129	SERPINB2	CRISPRa	40forw	2	0	0	UNCHANGED,UNCHANGED	REFERENCE_HOMOZYGOUS,REFERENCE_HOMOZYGOUS	PASS
HG03129	SERPINB2	CRISPRa	50rev	2	0	0	UNCHANGED,UNCHANGED	RECONSTRUCTED,RECONSTRUCTED	PASS
HG03129	SERPINB2	CRISPRa	51rev	2	0	0	UNCHANGED,UNCHANGED	RECONSTRUCTED,RECONSTRUCTED	PASS
HG03129	SERPINB2	CRISPRa	77rev	2	0	0	UNCHANGED,UNCHANGED	RECONSTRUCTED,RECONSTRUCTED	PASS
HG03129	SERPINB2	CRISPRa	90forw	2	0	0	UNCHANGED,UNCHANGED	RECONSTRUCTED,RECONSTRUCTED	PASS
NA19175	CXCL11	CRISPRi	106forw	2	0	0	UNCHANGED,UNCHANGED	REFERENCE_HOMOZYGOUS,REFERENCE_HOMOZYGOUS	PASS
NA19175	CXCL11	CRISPRi	145rev	2	0	0	UNCHANGED,UNCHANGED	REFERENCE_HOMOZYGOUS,REFERENCE_HOMOZYGOUS	PASS
NA19175	CXCL11	CRISPRi	169rev	2	0	0	UNCHANGED,UNCHANGED	REFERENCE_HOMOZYGOUS,REFERENCE_HOMOZYGOUS	PASS
NA19175	CXCL11	CRISPRi	261rev	2	0	0	UNCHANGED,UNCHANGED	RECONSTRUCTED,RECONSTRUCTED	PASS
NA19175	CXCL11	CRISPRi	264forw	2	0	0	UNCHANGED,UNCHANGED	RECONSTRUCTED,RECONSTRUCTED	PASS
NA19175	CXCL11	CRISPRi	295forw	2	0	0	UNCHANGED,UNCHANGED	REFERENCE_HOMOZYGOUS,REFERENCE_HOMOZYGOUS	PASS
NA19175	CXCL11	CRISPRi	76forw	2	0	0	UNCHANGED,UNCHANGED	RECONSTRUCTED,RECONSTRUCTED	PASS
NA19175	CXCL11	CRISPRi	77forw	2	0	0	UNCHANGED,UNCHANGED	RECONSTRUCTED,RECONSTRUCTED	PASS
NA19175	CXCL11	CRISPRi	98forw	2	0	0	UNCHANGED,UNCHANGED	RECONSTRUCTED,RECONSTRUCTED	PASS
NA19175	SERPINB2	CRISPRa	40forw	2	0	0	UNCHANGED,UNCHANGED	REFERENCE_HOMOZYGOUS,REFERENCE_HOMOZYGOUS	PASS
NA19175	SERPINB2	CRISPRa	50rev	2	0	0	UNCHANGED,UNCHANGED	RECONSTRUCTED,RECONSTRUCTED	PASS
NA19175	SERPINB2	CRISPRa	51rev	2	0	0	UNCHANGED,UNCHANGED	RECONSTRUCTED,RECONSTRUCTED	PASS
NA19175	SERPINB2	CRISPRa	77rev	2	0	0	UNCHANGED,UNCHANGED	RECONSTRUCTED,RECONSTRUCTED	PASS
NA19175	SERPINB2	CRISPRa	90forw	2	0	0	UNCHANGED,UNCHANGED	RECONSTRUCTED,RECONSTRUCTED	PASS
NA19462	CXCL11	CRISPRi	106forw	2	0	0	UNCHANGED,UNCHANGED	REFERENCE_HOMOZYGOUS,REFERENCE_HOMOZYGOUS	PASS
NA19462	CXCL11	CRISPRi	145rev	2	0	0	UNCHANGED,UNCHANGED	REFERENCE_HOMOZYGOUS,REFERENCE_HOMOZYGOUS	PASS
NA19462	CXCL11	CRISPRi	169rev	2	0	0	UNCHANGED,UNCHANGED	REFERENCE_HOMOZYGOUS,REFERENCE_HOMOZYGOUS	PASS
NA19462	CXCL11	CRISPRi	261rev	2	0	0	UNCHANGED,UNCHANGED	RECONSTRUCTED,RECONSTRUCTED	PASS
NA19462	CXCL11	CRISPRi	264forw	2	0	0	UNCHANGED,UNCHANGED	RECONSTRUCTED,RECONSTRUCTED	PASS
NA19462	CXCL11	CRISPRi	295forw	2	0	0	UNCHANGED,UNCHANGED	REFERENCE_HOMOZYGOUS,REFERENCE_HOMOZYGOUS	PASS
NA19462	CXCL11	CRISPRi	76forw	2	0	0	UNCHANGED,UNCHANGED	RECONSTRUCTED,RECONSTRUCTED	PASS
NA19462	CXCL11	CRISPRi	77forw	2	0	0	UNCHANGED,UNCHANGED	RECONSTRUCTED,RECONSTRUCTED	PASS
NA19462	CXCL11	CRISPRi	98forw	2	0	0	UNCHANGED,UNCHANGED	RECONSTRUCTED,RECONSTRUCTED	PASS
NA19462	SERPINB2	CRISPRa	40forw	2	0	0	UNCHANGED,UNCHANGED	REFERENCE_HOMOZYGOUS,REFERENCE_HOMOZYGOUS	PASS
NA19462	SERPINB2	CRISPRa	50rev	2	0	0	UNCHANGED,UNCHANGED	RECONSTRUCTED,RECONSTRUCTED	PASS
NA19462	SERPINB2	CRISPRa	51rev	2	0	0	UNCHANGED,UNCHANGED	RECONSTRUCTED,RECONSTRUCTED	PASS
NA19462	SERPINB2	CRISPRa	77rev	2	0	0	UNCHANGED,UNCHANGED	RECONSTRUCTED,RECONSTRUCTED	PASS
NA19462	SERPINB2	CRISPRa	90forw	2	0	0	UNCHANGED,UNCHANGED	RECONSTRUCTED,RECONSTRUCTED	PASS
