gene	guide_id	offtarget_id	chrom	start_1based	observations	carriers	carrier_pct	strand	locus_description	reference_mismatch_count_crispor	reference_mit_score	reference_cfd_score
SERPINB2	40forw	OT00328	4	90450821	12	7	100.0	-	intron:CCSER1	4.0	0.2723333333333334	0.7252747250219781
SERPINB2	90forw	OT00918	4	150035348	9	7	100.0	+	intergenic:RP11-423J7.1-DCLK2	4.0	0.21157537499999998	0.014005602123249304
SERPINB2	77rev	OT00070	10	69616327	3	3	42.857	+	intergenic:RP11-343J3.2-C10orf35	4.0	0.05459334272859924	0.0863486842738487
CXCL11	145rev	OT02099	4	70324276	1	1	14.286	-	intergenic:CSN3-CABS1	4.0	0.09060544725000003	0.03393939388715151
CXCL11	261rev	OT02382	14	62312475	1	1	14.286	-	intergenic:LINC00644-KCNH5	4.0	1.278706571146245	0.2701298698317873
CXCL11	77forw	OT02289	5	109357617	1	1	14.286	+	intron:PJA2	4.0	0.02428217936413044	0.04508470043561869
CXCL11	98forw	OT02703	3	120777182	1	1	14.286	+	intron:GTF2E1	3.0	0.18645943775100404	0.0
SERPINB2	40forw	OT00337	1	14817946	2	1	14.286	+	intergenic:AL034395.1-KAZN	4.0	0.2278165236051502	0.3361111108055555
SERPINB2	51rev	OT00482	10	72904315	1	1	14.286	+	intron:OIT3	4.0	0.3161325851293103	0.2284382282261072
SERPINB2	51rev	OT00702	16	85609408	1	1	14.286	+	intergenic:CTD-2542L18.1-GSE1	4.0	0.06721949200000003	0.02119309262990581
